{"step": 0, "train/accuracy": 0.09375, "train/loss": 2.287165641784668}
{"step": 100, "train/accuracy": 0.484375, "train/loss": 1.4103920459747314}
{"step": 147, "val/unbiased/accuracy": 0.4988599270582199, "val/unbiased/loss": 1.5538216252480783}
{"step": 147, "val/biased/accuracy": 0.5003720238324134, "val/biased/loss": 1.5449536115892473}
{"step": 200, "train/accuracy": 0.53125, "train/loss": 1.2764391899108887}
{"step": 294, "val/unbiased/accuracy": 0.5876176078473369, "val/unbiased/loss": 1.2861063115058406}
{"step": 294, "val/biased/accuracy": 0.6219278035625335, "val/biased/loss": 1.1483690171472487}
{"step": 300, "train/accuracy": 0.78125, "train/loss": 0.9334840178489685}
{"step": 400, "train/accuracy": 0.875, "train/loss": 0.43908730149269104}
{"step": 441, "val/unbiased/accuracy": 0.43584389407788554, "val/unbiased/loss": 1.9736035985331382}
{"step": 441, "val/biased/accuracy": 0.8205285139622227, "val/biased/loss": 0.5581212192773819}
{"step": 500, "train/accuracy": 0.875, "train/loss": 0.391160249710083}
{"step": 588, "val/unbiased/accuracy": 0.37815620245472076, "val/unbiased/loss": 2.487969269675593}
{"step": 588, "val/biased/accuracy": 0.9044738863745043, "val/biased/loss": 0.2881467787008132}
{"step": 600, "train/accuracy": 0.921875, "train/loss": 0.1975155770778656}
{"step": 700, "train/accuracy": 1.0, "train/loss": 0.04740586504340172}
{"step": 735, "val/unbiased/accuracy": 0.37588805729343044, "val/unbiased/loss": 2.606890801460512}
{"step": 735, "val/biased/accuracy": 0.9702620967741935, "val/biased/loss": 0.10019825465015826}
{"step": 800, "train/accuracy": 1.0, "train/loss": 0.021761056035757065}
{"step": 882, "val/unbiased/accuracy": 0.28109399012980923, "val/unbiased/loss": 3.6210153372057023}
{"step": 882, "val/biased/accuracy": 0.9800907258064516, "val/biased/loss": 0.06352468133873997}
{"step": 900, "train/accuracy": 1.0, "train/loss": 0.018928997218608856}
{"step": 1000, "train/accuracy": 0.984375, "train/loss": 0.047363635152578354}
{"step": 1029, "val/unbiased/accuracy": 0.31814036109755117, "val/unbiased/loss": 3.413204546897642}
{"step": 1029, "val/biased/accuracy": 0.9858870967741935, "val/biased/loss": 0.04663219477891201}
{"step": 1100, "train/accuracy": 0.984375, "train/loss": 0.041040390729904175}
{"step": 1176, "val/unbiased/accuracy": 0.29644297255623725, "val/unbiased/loss": 3.7339519223859234}
{"step": 1176, "val/biased/accuracy": 0.9790826612903226, "val/biased/loss": 0.06627512738228805}
{"step": 1200, "train/accuracy": 1.0, "train/loss": 0.008712947368621826}
{"step": 1300, "train/accuracy": 1.0, "train/loss": 0.0036324486136436462}
{"step": 1323, "val/unbiased/accuracy": 0.31080789191107594, "val/unbiased/loss": 3.9274344213547243}
{"step": 1323, "val/biased/accuracy": 0.9906754032258065, "val/biased/loss": 0.03656773343156543}
{"step": 1400, "train/accuracy": 1.0, "train/loss": 0.0012531145475804806}
{"step": 1470, "val/unbiased/accuracy": 0.25183611771752756, "val/unbiased/loss": 4.497302305313848}
{"step": 1470, "val/biased/accuracy": 0.9896673387096774, "val/biased/loss": 0.034266857365559365}
