{"step": 0, "train/accuracy": 0.09375, "train/loss": 2.288851022720337}
{"step": 100, "train/accuracy": 0.484375, "train/loss": 1.4444949626922607}
{"step": 147, "val/unbiased/accuracy": 0.5346702193060229, "val/unbiased/loss": 1.415044153890302}
{"step": 147, "val/biased/accuracy": 0.5374543974476476, "val/biased/loss": 1.4118743154310411}
{"step": 200, "train/accuracy": 0.484375, "train/loss": 1.340841293334961}
{"step": 294, "val/unbiased/accuracy": 0.5740327383241346, "val/unbiased/loss": 1.3050447317861742}
{"step": 294, "val/biased/accuracy": 0.5765528996144572, "val/biased/loss": 1.2896807578302198}
{"step": 300, "train/accuracy": 0.703125, "train/loss": 1.061309814453125}
{"step": 400, "train/accuracy": 0.703125, "train/loss": 0.8057020902633667}
{"step": 441, "val/unbiased/accuracy": 0.6193836408276712, "val/unbiased/loss": 1.2626216325067705}
{"step": 441, "val/biased/accuracy": 0.6183755763115422, "val/biased/loss": 1.2704486616196171}
{"step": 500, "train/accuracy": 0.703125, "train/loss": 0.9836820363998413}
{"step": 588, "val/unbiased/accuracy": 0.6664866555121637, "val/unbiased/loss": 1.0505831856881418}
{"step": 588, "val/biased/accuracy": 0.6624543974476476, "val/biased/loss": 1.049624720888753}
{"step": 600, "train/accuracy": 0.71875, "train/loss": 0.6762793660163879}
{"step": 700, "train/accuracy": 0.6875, "train/loss": 0.8955379724502563}
{"step": 735, "val/unbiased/accuracy": 0.7234663021179938, "val/unbiased/loss": 0.8923175084975458}
{"step": 735, "val/biased/accuracy": 0.722710253730897, "val/biased/loss": 0.8893209955384654}
{"step": 800, "train/accuracy": 0.859375, "train/loss": 0.5030326247215271}
{"step": 882, "val/unbiased/accuracy": 0.6902121738080056, "val/unbiased/loss": 0.99108575092208}
{"step": 882, "val/biased/accuracy": 0.677851382763155, "val/biased/loss": 1.0157893948977994}
{"step": 900, "train/accuracy": 0.859375, "train/loss": 0.3980335593223572}
{"step": 1000, "train/accuracy": 0.828125, "train/loss": 0.41422271728515625}
{"step": 1029, "val/unbiased/accuracy": 0.6869119626860465, "val/unbiased/loss": 0.9869546755667655}
{"step": 1029, "val/biased/accuracy": 0.6848958336537884, "val/biased/loss": 0.9969146549701691}
{"step": 1100, "train/accuracy": 0.828125, "train/loss": 0.5541119575500488}
{"step": 1176, "val/unbiased/accuracy": 0.7340389788150787, "val/unbiased/loss": 0.9605541056202304}
{"step": 1176, "val/biased/accuracy": 0.7302707376018647, "val/biased/loss": 0.9634964523776886}
{"step": 1200, "train/accuracy": 0.828125, "train/loss": 0.47263985872268677}
{"step": 1300, "train/accuracy": 0.9375, "train/loss": 0.20802484452724457}
{"step": 1323, "val/unbiased/accuracy": 0.751200077033812, "val/unbiased/loss": 0.9468008318255025}
{"step": 1323, "val/biased/accuracy": 0.743387577033812, "val/biased/loss": 0.98197972293823}
{"step": 1400, "train/accuracy": 0.9375, "train/loss": 0.16741517186164856}
{"step": 1470, "val/unbiased/accuracy": 0.7219782067883399, "val/unbiased/loss": 1.050004340948597}
{"step": 1470, "val/biased/accuracy": 0.7141657067883399, "val/biased/loss": 1.0678316119217104}
